IncidentID,Text,Class
0,the the guiana what one would like to your margin think a lot into and out in full armor and helen paw and what the problem lamp and my little boy cabrini he'd hit a few breathing now the indicted thank you wanted he i'd handle it i'm hoping to match what did kill it and he then had to beat the odds are in a while and then we could talk i counted out the door when you look at the african american problem doctor they haven't had a medical problem to the old kid that not all of that now for a complete and to hear that could union and don't come in and what i worry how has the higher the high and among our what color are,High
0,one american people who get food and who the hu could one evening he will have to continue to hope for in a delicate on her campaign when he began to her when quickly and quietly when i get why can't the behead him he got into the hand in it elegant what you heard that the kick the can for the book the book at who you pay the white and the creep into her head coach at copenhagen think ahead but actually i had a pretty will help he and i get the kennedy died in a moment he known to heal the phone with the bill the hadn't been deeply didn't count them to drive in need of the d. one can get the middle of the street okay but why did he say the one you've not been completed yet cartel,High
0,the hook that and maybe the mule and hunger and cotton to what i should and am not occur when alcohol are wary of their cotton climate will knock on the white world but little hour you had no real hunger and i do to look and hope new york piled kirkland let anyone tell what polite who you really the poet well and what i'd like if i employ i'll go ahead don't think they had a cut in the it got a high five p. m. emblem the i'd grab their adele,High
0,in england want weren't be her clone the one in homecoming to hang up what shall i come uncle and lend them and we're going home and one link in a bag caught but you got it all in the moment i'm him to plant the who'd had robbed at out off of it the all what hood we ought to let this what i can get tipped it on can turn on her up one when the back room i'm glad it worked at you and who are you the truck thing i got thought helpless to up the good get him out hotel when dangling and you go and do about it all you looked at me like you who,High
0,ugh and that is i hide it has the has he done to get mad wasn't ai the it to really but would good at and and a lot to hide and an end got caught ad lot either cotton catalogs and up and what hey pleasure had to delay and in the end i he who then what good it up the hat right now hi lou it had on that unlocked and good hit had gotten out to have added to pay,High
0,to a lot going one on one hundred and we at one oh how to talk to and where to go it worked for one who quit out in and that the elegantly of the i don't i didn't go on i it you don't like gary graham what hey i think it could be imprinted in the garden of black and we don't want to old you are at the home from the one i don't feel like the howard hunt who didn't and while you're pregnant at who come on and ringo had won forty three hundred i'm eileen well know where he had on what has been the department of agriculture all right behind you finally he heal the lower and the and i i and i were good at it won't even in the line at him there and go right now in the reagan and when what the,High
0,and the scowl at least ten at night and use them use the house lights blazing has turned out to and you don't look hurt create the creative were heard what had that had had with what and the let a return and and looked her it and had a little and it needs me ask and using what ought eat eight may be active and use it caught him and his new said he to haiti and the acid that what all and look what it a muse and and as to what happened and you you have at it and did not ruin it at all and yet,High
0,the good plan and a mother with a headed in the war and long life death of the white hirohito what we're at the unholy go and hide it what what he had the good one eight he won won all eight the woodley aho to hit the high and yet come up and you could be headed on an don't alert and yet at white who a a week and at year at the lead in here and hold the right of a pa at what it by the head right where i could aware he laid out what the how the hot in here that a will,High
0,and you'd go hate to think it played because it so i we have to act out of your wallet in a clutch rail i like it or leave the real king calling island in the young girl your little bugger you did not evacuate you'll need to not a and it had the dead and he had any kind and i i have not heard anybody at that harry i okay that are to have adhered to beat out help the area the compound would call the cling to help where are you taking cleaned and girder it a clerk at the hilltop built up during the the withdrew the actual here yet dirt israel and you get it all i want and that kind of worried i can't be taken at an angle on and be the d.,High
0,pilfered the total one with good to he added i want to have got okay what about an equal and kamehameha with the red coming back in one hand there it to the and when that we had called on planning it up and i lay on and i would on the lenhart the sofa and at that will help comment le pen and now go hang out and it i knew it couldn't have been mapped the food without water hole with a path and her husband food and get tokyo why he did he,High
0,the letter that i wanna learn to step in fact i'm headed of your problem on well they're not burned our big ahmed combo round the the the open up and bug i'm the mob will help and the woman and got an goal and called for and pop hundred fifty eight he had added a lot about two gamal by war but in that bomb at cole large co opted to court and mark that woman in the power of the common and your do human heart home and polluted and the to opt to obey him and he should let him that he got on the wall of the hopped up a pair of eyes and,High
0,you had the title you held theory but the the while no i ha i know i t. battery mean pecuniary on a prayer or not at all i'd like i'd owe a lot i i i can write our at our plateau at that now what am i am career as a lawyer and it go at the iowa and handling it eat i need a bloodhound tonight and you want but i would like you believe we should have don't let anyone would you blakely could have called the town where aladdin,High
0,but what i'm why what i'll do that of the work that is he likely have labored under the law of one hundred a month it and why and what happened in now to him but have got rid of the humans and i got everything that occurred he didn't like the interim okay they will begin to what the no known motive on that and i paid one shot to swallow it up to bring the for you to run like hell for the kid that what will be in your home and when the home of glared at him hit him bottom line not been laying down,High
0,the are of the and had only humidity on our lucky i'm happy that the holy hundred per woodward who you do what when ronald morton and the murder english be totally wrong for the young what he on my guard delivered by a point about road vendetta don't play till we all ought or you'd are the out i mourn her a deterrent at what edgy learned about the hood it and had a great and our baby and he can have a v. on good element that we are in the car back gate and completely down the aisle entered,High
0,mind you you have been between fourteen forty one theory you read and what one nine one one added to the land and take the whole twenty worldly hood he didn't put one million poor and i can't understand that in the whole plan to invite grin like a collar or are what autonomy you're telling me how do you want to have a lot happier and in her home to die young barahona who control the unholy alliance and to and gregg jarrett on when and how and found dead okay who patio i'd get our,High
0,one word you can even putting food that part of the island and that led him had act and then it could to do that that could happen what he did and i i i added and land that has added to the good and i had that could good to good use bad,High
0,and you become almost off and let the and where i'm coming in on what we look at one hundred mockingbird lane that woman and i haven't had only go up in the can he get the aubry thank them and i hug and that look while we hold the eighth if in any real hey up the fight that of education in the country one can eat a lot lately but give the and untimely goading him how nobly the current legal agreement yet but the and i heard he had a melanie campbell okay paul if police portillo think you went back and live via the game of life they can heal but the idea that a lot while at to them,High
0,all the while we get good and all and i am not a cut on his one out for him to retire within the accurate figure martindale huh honey i blew the modern feet i'm gonna get that one greatly aided the i paid the money i'll call him now and end and in that area and what can i add a badly needed a challenge to our party the the what that and and you know the liberal in lieu of the hub cap and he'd be ordinarily a big hug how up could have come forward and pumpkins are one from groaned when a dog eat him up and why that dole,High
0,oh i'm not one one emergency room but not all the people in the oven and women water would go a little more one girl who yelled well mum on that no one on the upper part what a lot about organ for what they look that good rwanda that was on a lot on the good erotic caught by all the people to drink the conglomerate the ticket all the a and the get go the hood they good and good lord why don't we get out picking on lydia a clue about a lid on all that what's not we put all the lead you on the hill and on the hoop,High
0,and weekend the one in for the unwary when he and al and learning and you'd be one or in him run he grew mean are you the nine were more loudly than working through your murky an earth were were either through her opal okay in our body and over her her her her over two the an hour all bertie ahern can courtroom rule on it at your paternal her back with more or are important whirlpool when the it could warm hug,High
0,and yet any what kind what did violate the laws that you will look back at cotton in all the letter i got and i can work out what they do and okay you're quite correct that book award potter while bump my client if the moderately the that the i. after the more at three planning the slide week at our new you can appear at the lot and i run white the lily and i think okay look it could only now i think that we would like to get to it a good a good way it affects playing two o'clock cracked down on the globe a look did the cook names of you have,High
0,that one and one comfort him and him and he let it not a part of the victim to do to you know that at the end he had had a good hacked should complete halt balloon up that late word or at home town and we to warped but to be done any good he killed a repeat of the auto worker hurt it in height and tell people how to pay what you can't eat our elderly to pay and he came right down here to interrupt okay why did you go ahead and he know i like usual don't mumble to that that was two two jury little though that up to get,High
0,you know wound him humbly and we have to it behind on what he and a hundred has heightened and when he would have to come on deck which one where i am leaving hong kong and and i didn't need it the event do behind the humility to have heitkamp a and to go and he knew and when and what we have an came to light that can do help hey you hunt had took what what hug hug at up homeland holly what what he a high of him who when i caught him then and he had pneumonia and died,High
0,the one that had the market in and that to me one or one night while a feeling of belgium vulnerable and one that crap on that though the movie i will rule on we let you put it that i know why it and i when i'm currently held up here on an album you what care only for the night wore on and on and on the one thing that will be they have that night why not mahogany the hill at night meeting at eight hundred a day can't an unparalleled wouldn't get a white yes i think that you had gone in to lend the that what happened i am hamlet beginning on the hilltop movie actor he can,High
0,saturday they they encouraged to do down and fourteen the time ten thirty one and that unlike any they fire at the problem i think what you're in the vial in get out of iraq opted out of the county of a cook a window and i will what he gave the window but on the weekend in that what he will begin our god what am i think i talked i put in a car loan that tipped with a if every color one remark the card opening the door at that when i heard on the line on just the galileo back and talk at all i can really get the ban on down to it what it is getting h. l.,High
0,i think yeah i know of the adhered to the lead in that there can call going on there are going our air day there are four days on tuesday away from the law that in jail la junta de are imagine they can if chris call limelight and he came back at the empty that our known to us for the house when i came to guide them i am i in turn they get and i believe me he had a bullet on the door or he had he had he and your guy have you planned york with his wife and a bad one of the front door when the mail them over didn't they find it month and you're way ahead and when they leave him,High
0,and you and i don't want to burden to hear of lining with the intricate kachigian tokyo the chief financial crowded into court and brooklyn part of the hand and interest you could call fuel to go forward the peace and that they're cute well that to mobile home and usually on that can come unglued retard cooper would instruct to obama's hotel in the nation shortly to picture it or i'll bring cuban on the cut of one perpetrator he's going to complain to him to clear up that russia and i care of no reason not to believe that he would need a little while he feels about her word hitler himmler troopers will carry 'em in the bill bradley you remember and dog back to it,High
0,so what and black guy what we are the record here we're color and a cheat and they back and hotel street which where it you ripped her what we were colored guy the i've been in the while the one you at his peyton and what room while for accused yet what her name had her curly one and yea or holy war and your phone number in the warmth of and eagerly and able and you'd heard hook,High
0,nine one one would be added to the arrogantly i want i want you to i'd pay what about the debt limit and want agreed that we need ah would be willing to put out that read it and let him come home to some legal and not be wanna go home and come to light the man that would you be in a bad cold we do have a clean bill and i'm not on the okay but i would add up on the way did you have to what lobbed that a at agog but let's hit lot looked at ugh drug although it you go lord and adult partly on hopes to ask law not his little more on got what we and bunny nine one one one,High
0,one one who or what or who who are worried all weren't angry long ago are we thinking it might your honor he call in iowa that i think while langley who knew her uncle our call pulling for a week you had a really hanging like helen right hal the kind heard a cry you know we actually in the holy route and he only lamb great under egghead begged the accruing while we're i see what we're going higher no hill you all are you are not poor rural or the eliminate the,High
0,all the blood nine one one widely added to the other getting it out or the world that are fertile ever opened at lillehammer ought to have to i need to dig a bad beginning at ten p. d. and look at all we worked our anger and the mink coat at what are our ot or it will ya we're a high any couldn't couldn't be neatly a couple had guy got twenty one thirty three and a one i can't let him go in the light at like what really that glory and what would what we're here you let anyone had to pay an end and keep i know what i'm not proud haughty white heat you here okay what's going on i really could end and a world the outlook,High
0,mind when he believed you now can you can be he'd be believe it he won in the and you will budd yi and then i like the ad an airline and paying for what you heard loud and he had yet to read again and it or that lightning rewrote well there you got a letter i got to like that i am i am calling on and have fun and i let on oncoming fact that happened that when they hear the one hundred and what halley act while shocked by that happened like that well and had hired guarded hey,High
0,the u. and the u. big i'm the room between him and then it that i think you need one and he allowed to walk and talk come here and where the fire hepburn don't know what is the u. and then he can go ahead and a head in here at n. i heard your honor i'm bowed and have to her up at the up it the our pope girl to whom he and did have had the heart the airline heaped up hubcap abdomen and i think,High
0,tuesday january thirteen thousand twelve big-time good key and he thought what a healthy here only thing that the little in mobile wouldn't want to another and we are we're meant to grapple with the court for more than that and he had done it and i'm that to the at michael don't the u. what will and handed off with or what will hear what happened to you know the actual have dirt that they you know the editor one hundred and eight or ten why,High
0,and i would like to burgundy and he wanted the crater good could come at it at a hug to cut you undertake a heart attack and i'm an actor in telling the borg he added to that all the or crowd got a good attorney and he had gotten a lot and what he'd be proud and yet what about old kid he called for lure i'm telling you what are your particular gorelick and you didn't want to tell her when she heard what i could get in your lab deemed to be out and later tell you at that to a year would need i don't want in elk are big hit you come to cut the brain and the kitagawa it'll catch,High
0,but in england would he do didn't exist on what you'd call and cut and cut her out i don't hit dinghy now we're clear you bring in a creek would can hear me and he agreed monday on the real here when what hurt me and i did what kate popular and cut he like you can predict the neck and what will have an adult he be here and some meaning at at eight currently hold it he's called you and under u. n. to hold a meeting at what an it old and you what he owed me he painted in particular he cried contained her deleted,High
0,but at night and that relentless that closet that apple had concluded and a and hoped that out at us and it it at the meeting and i didn't inhale it dimly lit the food and then it what he hit i include that politically he it was so high that who do what he had with him what had his own he that he and lead would getting it had it at that hotly i had the catholic the urged for what i call and he can to cluck like the blood to hold walk that didn't who it i hit that in euclid,High
0,what are the departmental alone to locate an overdone to howl work here or haven't heard it before the hour over the town but by at half staff it the blood of the turner even yet begun that and what are you giving up card continued and her and where he learned the have made him a hero to go to the airport among our right to have a lot in the troubled go thank you very active he poured later turned into the work hand her why you deal in the bridge now we were were wantonly incoming were coming from the crime lab big time did you or what they had known at the peak of his undertaken thingy,High
0,what and let me go and look up to the who'd gone we might rather the only good when fleet and hey hi hi what it he at what the one who owned them and and while count only on what a in the right pie eight now one that it the alleged would only look at that i packed my locker in the away with our hundred to who and what that they'll make a go at the head of the old at all i can live he can't get over it and let him go why the field of my other brother good elegant the one that went well and i got what we cannot really oakley lately the bad and you and you have the number one,High
0,all the league he can only come when we're caring for war and the drug dealer good thing what did you look i think we don't hug but we had a hit on the island how could we we think and emil might eddie what he had with him did he at that day for a while and then her and in what the hell out of work are beginning with a male or female what will the idea behind a real what else can pay at it the one who get count on a not at the grand pumpkin and are you know what i learned a lot of them on their back on it will it up at pottery and one can keep the we are we what we have the violet and i and i like a kid in it a month and,High
0,and putting it behind my money out of the water on what the location to reversing the crime had been on what your honor to our own enlightenment in or are they are your husband and her younger years to hear it looked on the jury we're you were in your underwear drowned in the united and a lot and by our you've got the bottom up review i'm bernard you're trying to change it back and i'll who weren't on yelling at the meeting how the young things last thoughts and there i don't have it heard you are to it got that you are and going to her and it has to be a bill at hope a lot that oh that artists,High
0,lou good margin and who hit go and was a kid in what one who will head to head him off at what happened it talking i heard what he at mad at you and the will of the island and and and how what we had it to you and i got home can hope to hud up don't and who are behavior is what he has one hundred more and have to do it i never held at a house and the whoa whoa and it had any what won't at yet and i want her heart and hunt and she has,High
0,well all allusion hurt and the problem and what it on it and got it on and a collision of two alone i would not want that to oakland i did and a package good egg kind land and act in blue godly and i might add a little m. catlin and at luke ago and you can really that luke are you and what are the only man who oh the home and that will you he high note and get out you and i'm told that a good had at the land but in whom the win okay and try to get up to the come down in,High
0,and when that a highly one hundred couldn't hide behind when or how you went to anaheim honey honey honey behind clinton has been huh what or how god has begun huh my god has already gotten the bloodhound of the home good at it we all were when we land in a while ago which enable them to our right to have had a you're going to appear on a lot of it of the guards atwood and lodges will play the lottery look him up like law be a bank employee like greatly archer that although i never had the indefinitely it one nineteen ninety i met him at all i got a right to have to everybody and hank landry while no one operator what yeah what an employee with glenn dotted all,High
0,at hand the up on the go hunt what you do war two we that yeah what had happened we were all what he really had on him and i think we're in what we're going on okay let look at what you know or so look when he came to get her that he thought oh what a pumpkin that go up for her too would oral report and what he would more could hit kept him get back to it on player and that there had a look at it and he also that if we had one that had done it when you hopeful and black or what kind one that we're in the moonlight and i'm really happy and what can it why you how could you get of the u. and the like,High
0,now what looking at your word in a brutal only thing going to college when a look at all then when the nun who in the enduring have and another unusual little you for you mind when he had your mother and father committed all what raged iger mom a hero or a lawyer how good you are in on what happened a little more if you like your name or to the jury room wall and how can you know and they and they all said boring brokerage total multiple times compared all heard a rumor okay,High
0,and i have known what what do you have to merge and paid him about and what all of a bump on the butt head that who have that there was another look at woodward order out of the jones backing on the web black miles from the orbit government can buy a coworker and when bit sure garwood hour ago when bill which shattered and he better do to you and and the envelope from a drug to the world in charge will go on go and he there was at that location good and the clinton and o'toole and we'll get up and to or the moon and wanted to what what,High
0,all the albanian now one one in the fleet are mounted on the bully him apart apartment owner of a move that i'm out on our world and all but one and i'm rowland all of them really arguing for the the bomb a lot of wildly in an led to women and all we're really like and a few women haven't had a it they then kill her walked all that had been there but billy immediately the hate it had carried him and there might have called a and the the the the town when the army of my mind that the police department and a role model known thrill,High
0,did on the end what were your merchant fleet and complete don't know what i do and coming on and on the hope i did only poor been let go my gladly what what what did he put the address to the hammer the ruhnke who have one what won't ma'am what a drag where could it will have to include from the air from her what what about the document which doubled while that of control and the hit man who can a man who i am can be destroyed because i gotta worry or which i hope that ought will hatch of the work that out who i i love her but her beliefs about that one guy who can hold on one and juan law rattle and hum,High
0,he could have aligned you get hundred ardently my cardinal to ride out the plan a while and block got it will like it are the allied he added the land route and i mean i'm craig wintom can cannot like more could warmer warmer not caught here in the declining i didn't like the qua non and what come the pretty good luck tonight at one o'clock and i kept going and on one ran on why and yet they killed the deer i'm upon your lake erie who don't want entitlement encampment at the end and and and all of the truck candlelight and winding up of cal mate but look we are on our country and i kind and not had the dawn of cake at your door here with that and i downed,High
0,knock knock knock on the or where the nine one one way your honor i ask that helen manon rheaume who had what would happened how really not that i had one that you might ask you in that they elite and you have the titan the that really look the way and now the lot had at ohio and in l. a. human wearing don't have you had a black man and you're an can do what the fed her out will end he occurred i go away i quit whining and pay the howland island continuing on fire and evil power or,High
0,war nine on which he added the village indeed the law or pork barrel and he kept open on a railroad track good freeman got he railed that who and crack there are a camcorder collectively her after jack bowden car what got him back and perhaps got our help okay laudable who can pay to get a look on it here to get a better look he's tag for a long island and short break a leg up and all four of the ethanol plant i can't get eaten alive to be to get open and ethanol plant honor or the had competed at a quarter mile west and counseled and the of the lampley hundred due to the milkshake which you said that it on the spot here and he added choir and heard there and the engineers are banking on during rag trade right now,High
0,i'm on a drug that can tell me tell me who i am i have on the line had a world on a card that were part of why did you and i go well and why they your contract like one in the last until they're in a court order but i told you earlier warmly and ari album take it or they are the bank then you come down eighteen thirty eight cortland ryan or a man huh you're going to living that i i i get their home then a new law before a bit of tiger a yellow light on in the late okay but i don't have that only then i found the while play okay that that will and then that on the way for helping the dead on the way they and the,High
0,and one hypnotic club in he the good one point and on to that eight of the blink important one and i'm a pale good pal and i think the only had one more than i can look and that i could get what vert the heart and had the moved that i got up and the pick or the hadn't how to do that or a room and had a pet know as i couldn't had yet but bird or hit had high living out and do good in how it that will and what the heck that riddle that room will get out of it lightly that a and all it was at that and what will it hit,High
0,all in a lot more you heard yet who are your head under the carpet and our wall helicopter came down it will be added what are the entitling and they told would get it to court to lay on the road with that and you know who died on the the one that they get older i don't know told by claude dayton he and what were you talking to their aid it bullet head didn't the guard what would you get that could come down the gauntlet will read the big elephant acquire yet i got them all the nine one one warrior martin in higher majid gang and then we yield by an act that indian popiel indian he'll call it gill told gad al how about you get clear how,High
0,but how can one quarter and and and i have island home in copenhagen i'd an analyst hard and obligingly dawdling did leon got to hide out in hull had on having hot and ought not to watch top of the time and in the long island on him while getting looked up and took him to lead him to one when i'm on duty at any rate and what i would have what we had locked onto the highway ninety three and out of dirt and shot him and when one and all our own i'm among didn't huddle had hoping you could and ahern whom he heard eighty three,High
0,but at al i'm like a lion cahill can have one goal hurriedly collecting he did and from the milk hey hey they negotiated bombing to be good help the the negative can lock in bed like he had been to tequila to that corn and he ain't coming back what can i comment here and who called him which glue that kugel political toward the occult and that lounge good to have called a deal on landing in the appellate i'll call it it it can pick out yeah people and then the milk or killed kyle i obey the money you give up that bag that,High
0,children of the i'm on hot humid hundred five hundred and the art of art and lager and wanted to live and on a ladder bride don't want a bound to what what are called hate odd retired to outlaw and had electronic only one could get a mighty the elevator and kill you now held by the current movie about an hour and a call made the charge helen let go when i know warrior named barbara and then it was ruined because we haven't yet what's your name and yarnall out out early nineteen and what i know you idiot had as i can get up and look at not having to look and they think you might find accompaniment warm and humid you can t. and gridlock what the american board meeting on them,High
0,he asked good matter what they left fell to and piano and the last hour and python and catherine hat on ron honor in my head printers and i'm there are you back the flat reading it right there he get while encouraging this academy of them that the campaign dampier arianna way of can i ask you to question her entire health and hovering near a paying you looking really went and now you're flying and palestinian group when you get her hanging be awake and working he has to take a ending that if he awake he felt any pain thank god thank god for a yankee away an hour okay to keep breathing fairly fairly clean up a the paramedics are hardy on her way up honey,High
0,he and on monday he ever campaign honeycomb didn't get the hell we had a blind date on it in the unemployed and clowning around coke there i remember when and how they failed the morning of the room alone in our own one go out a model in london could wait they kill people who are compelled to an end our held their ideal wanna kill him now on the hill with a white black and the narrow okay and did a week by the vehicle and all alone on the economy of the unemployed have to pay hike that yet to hang in will pick and even pay they cannot but they when her no okay hang who later on,High
0,and i was on that you are related to emergency i campaigned to think about it at the end of the a campaign they the higher the okayed the it happen that they will make at the hallowed juan juan elliot okay i pitied i calculate that i killed now we're at the end of the alley about the he had had the hand that had i could get food elliot having a bad i think it blocked off to guard their outlook and i think you can get a guy up one and one and let it i think that an airplane crash of the way i think what i'm like what would he bring into your room on rock after that the would pick up near hand them out,High
0,more with humor to be a cuckoo i humbled by it and what retire going into her liar good client like adam mann ignorant your high little guy before the in grupo and they have to go now my letter that went on fire around have the house on how to hurry to have it all painted and that mountain or kylie what he knew that and the ring's work one word or you can can blame and that's what the highland boulevard make you an hour and a borg and our l. colombian cocaine and are you sure that bill that number is a kind gentle choose like hearing finger and your dad and schools or hugo black holes all ran snake worm ranching reporter recording it kong,High
0,get out one at hockey and hide all little airplane go award and you're point took off from the airport at a birch tree crashed into the op ed koch what mr gergen chuck for it have on that trip where he lived during our leaders get her were for tonight he coming out of that you were walking in the trailer rig worker with little aggression little let it all on one leg get out okay okay all endured the it that lead a guy who act like ann couple who boldly into the building when incubators child what corner of the building at the actual killing her actual only i'd court that was that he either one on having her client corridor alarm in the little girl with the airport in a hand or your baldly curtain to a building help a lot,High
0,but the latest on total all do you mood who was the herd cattle are a whole lot huh it wholly at hope had on to a hot hand at at what what what the n. word the name to get doesn't go to the clear what actually occurred while he anything on it and had cooled look at what why a unique and we heard what her own he letting our our the the adhere to greening of pouring in the light and going out at you at least karoly that the what're you really it had hang at medical heckled him clark lot the cause the what and what woody allen not really made the a lot of the need medical attention,High
0,nine one one the great help me out of public iowa about who and the idol build it got in it to another day of nine hundred by the hair look at any time and at no and it died for that now in illinois to attend the county one and one have been what what what led to care will go up the ballot good god god i've got one of our ability to put a lid on by the fbi the tiny bit but i need the the anointed the baby and i had the winded and get back i hope i could get the early yet that i am willing i'll go on like the earth now go go where he added people at the beloved going on here though guy at caterpillar the guy who did,High
0,hello enlightened it why did i include what we got it a lot eat but what would the could it would end it home and yet he couldn't dot on the shot to get high let that go on at the white waterlogged what they want and then the log renewed with the need really dead aha and age and a had done that a hold the good that would that he had concluded the clothes and jack charlton shocked when he got it had cost what it had caught that white hot hot,High
0,it is it the u. it the and what had happened and couldn't couldn't he said but hard on the log norton to lighten his hundred lot it doesn't and pieces or to his or had had that in to call at the legal and political at dawn you'd have to it at reward and i'd hate at at it had and and hit and what that do to put her on her didn't you when you get is all too typical didn't woodcock and loaded one at that time i agree is the publicly that could clear the get all the all the,High
0,and the boob huh and and need at what's it maybe political warned langley of the land point it'll be what a hotline they were cut the war on lived and where white hot political and a light are the up the ante up going to have to live and work that building plan for you what are the ones that going to let you want but what what it out and a hut huh i'll we that adult white go out on the white house had that ugly look at it for days,High
0,the one who one hell of compelled to pay we think him eating and more or an he had heard the ban on the air you do the work that i made a huge little old he had when i come in i believe i'm not a whit meetings are corruption and or the bad thing they an the how i have to pay for bed in our view yet committed the crime and he'd go to hear more and more and that today that he and on how i mean they feel anita hill him filet him at where the carved on and your mid yet what a worst world you know and what oh what it all and you are and you know what pain that are the al,High
0,hook up one hundred and one that at what what that pat let that kind i have but it you add to what we hope that what he what bill who did that and could have thought about what to do i and what could hunt he he he he hooked it could what put good it her employer would he look like that and you about that could go and the client whether or it could won and who need,High
0,that one retirement on one and one retire at all and then that we're gonna make that i met an accurate and there it nightline in and out into and on and run along a path to attend hanna in long and you have if you had someone knocked on on on record that he can't and that work at it in london where he had high an here one made he had that week latin and i in power in a home and at what taking on the one going on in her house and in the or the lead in the eighty in and and what are you and,High
0,all right then in january one working at the local which would mean a lead that can allow inman running the campaign had i hung who highly who he has might do him on pine creek looked at a highly and wet the bed in the building and why and i got where the high at the hutton anybody have any when do we know about you and i'm content hot and now what i got eighteen or what not to many in our colleague part of a limited and egg hunt and don't have a complete you couldn't do you damn well i can and get them and then hamlet and i yelled and the greeting you didn't he that copenhagen i behaved when you read in any planning to leave by heat and light and bodily it put out an island they wouldn't be melted lead and content they get the boat people were getting her,High
0,on the island the how and here you in jail behind the the the yelling to the house has got to either what's going on now and what's going on now the omit and i hope it huh you'd have moved up a work on that later on down in a body and here's what i did didn't on huh kid down now okay it anybody else in the house in the honda high on the island i have right now okay and what highlander you and i couldn't get thee behind them in the command of the other room you're in it on fire now a piano and the house i think they'd economic new quayle pinned it down anyway own i'm not going on and you're out on the deck updating you on buddy like anything update our reading the church an oar,High
0,our partner but what others were depleted and order meandered heard that now that we're really well for whom i'm not and i got one of my will and to wonder what now for a car whoa how do you what what what number where you calling and i'd right and i'm here i did not reagan on average one hundred and he out all over the course of blood and the route hit a hit pay fifty eight alley theater in haiti are the read out i don't really know about what will you come in to read about it it not only in rome campaigned on returning to julie and the sheep grieving had the are you dockery had a can of the land around return to figure out what had you not breathing are we had i'll repay that are more adult you breathing,High
0,and you incoming clinton rally and in eight or one here the parochial was more barbara was over with that he should have your that held up at how the natale a hugely what everybody when you had on duty that are there were sick leo what an alarm are worth more planned for her at her and what i eat that you had been taken up why you had the bad they can go on to intercourse lead all whip in the park could get hooked up and get up and hacking to port arthur anthropology and what turns you on what did one and the john hamilton part anna,High
0,well let me cut you loaded they he tell you whoa whoa whoa whoa whoa on who you were alive when you go through an yang to alien body and he added that we and i did what did i say that i don't i'm at the u. n. an island well what be a delay kono but abt at eleven twenty three u. gallagher i think it'll it and it happened where they shouldn't be that of the wound on the line and so they and that will do jack whoa know it happened and they only went for what i've read one that wound but while it,High
0,the what would you mustn't are to emerge and the more hotter not grew up there what good it knock her what do you keep going on people would agree court tomorrow to discuss few more questions that they would do would be crushed in the big popular party with her right now you whoa whoa whoa whoa hold it to do more but he still what did you wake not you what hmm but this year he catches the way crop on trial would go to the poor read don't take the szekely think that i'm all to work hard all of the law that a better not be appropriate oh well the way our pain had your big he's breathing will work and colonel porter to a puppet it here wait there what are you you would think that would lead the way that they plan on her back on the war whoop and he told okay whoa whoa buddy know,High
0,it's what happen or what but why did you see ha man pop swan wahoo uh huh and the u. to out a bill would what the what get a job to it what a guy who wrote it and it's a did the it and did his and to didn't what quote it'd on titan the good king what our hand picked up for the party minute capped by a lot of people ate and ate and out said it well what these at and wanted suddenly he had a tempting target for a new and long will the money you,High
0,lendl in bed and keen to duncan the lead in that plane hit the long own did you come out on the bottom of group of the the contract and that he had a lot and thank god a can end up at had a good are within that you can work in ireland and we'll get back and cracked on what we learned than count would yell arrogant and l. and i'm gonna put it delicately that would kill a bribe can't help ye look at what are you and had called and clipped and what lily agreement that thing that publicly criminal element well mike o'connor in working out a book or equipped with a twenty mile two hours between twenty and white died on the alleged late again,High
0,the law with the winter i am an accurate and all i heard at how hacker who were inadvertently the village the doctor he was discovered at the north of the of what happened what third and last thirty seconds to go to them of airlifted on many how can i have body of a or what we i have for you to nudge it occurred a third avenue where and when the curtain street in and thirty seconds ago they were doo digga doo digga and aloof in not one at a hollywood and i got a ta hu without any of yeah i have been an outline of what am i am in underwear that what evelyn wood a a the on the awacs only the what we let the letters will last,High
0,while i'm in one one dad and you're married you think i'd do the kind that were and how do the corner of one ranking hang getting or we could not bring that up to where the feet of the court of law in nineteen why got here the one right here on the growing in a poker blackjack and commonly linked and lied to and kicked out in time thinking about recovered outfielder at hinted hope he'll let had introspection and eating the smoke and flame think credible you forgot all we don't need rubber plant at hope good good up to the way that guy got good look at what you came and bernard get i get a phone number played glad the play what did the bank bad guy look at the white what can get hee hee,High
0,uncle read that and one woman located have you done and what are the weapon or not i call alameda and albert and if you have to sharpen the image that will be held honk and haiti in here all at here it round and heard that luck to medical what alameda whether the hell and keep they that come up what you did when you add water how it loaded onto your honor it and of the pro lon had to tell him how and what i'd are it like you to deal with the kelly on the calling it at all that i could interrupt here i'm going to cut it all that and we had a hand up kirk through it you and you and had greater you haven't had,High
1,the killing and then i don't want what it looked at him didn't look all are good at what and a lot of her preoccupied with what had it last and i'd walk the board that they be put back into undertake to the theater and cup is will he the pit the bill that he i like thought and all worked up it would have to look at the time to wait i doubt that he would then the under the ability of the art a alike and that it will get a new bill look impotent when he did of yet but what he and i got to get the organ in there and all i know i cannot and ought to have gotten that i can can rob lowe can not a good good good bad or good or did he ever,Medium
1,and what the fattening and i have one here at a. kid down to allow the land won't area how high up on that and to help had they are but a little forward and you're your own death and he reported that i'm trying to get home and what the word the the eager rent why bother or why the why they are out on whom good when he got a good would come and attack and the orlando hundred that got the book the or that ha the pilot who think they can hit a land where one that can make that they would bring it back into my home when i got protocol and look he will you be able when he did that contra all,Medium
1,good-bye this coat and who at home but most of what good could do at what is or at work that to would a a a a a and what i what to don't and you had me could you need to do what would i go would called in on the it included and good one one hundred you cut and cut and you should get did which you don't hunt eat in and could get hung at a it it would hurt you greedy todd good note out looked at a kyle but you could could should at,Medium
1,the tender again hugh downs in which he nine p. the nineteen and he denied it and i on what are the quiet way yard work on all of them on record both live around here will help the young what dole area of how the l. wet market over more on the wall in more trouble ball park area and you know where are you her allied war vreeland have minutes ago that i'd call the bottom it and he was on the light and around guild card and on and on and what good are to want more,Medium
1,don't want it to believe that what you can when we're red planet i did not lead to a a what your address one incompatible it and the car and let him kevin didn't like the only country in bulk and then how who would on the long end up the little by little it could hurt on like that like a good guy and ought were good now but what i don't know all but the guy that are within that they killed and he can go and keep him he kicked,Medium
1,that came there knowing the mountain boy he'd twenty one when he believed oh nine the pack the air and hey you're or a man on one with the attitude and i think they know not yet only at all what an empty lot where i'm at the mari idea how the vote while there gary and an era home the money and all healthy and you know me add that green wire can brightly lit the cut and they are how can one man out or your money and on the mean of all why the area in a panic when it had an antenna the address that on a relay and i'll think the one he ain't the end of our common good,Medium
1,husband you and the can and i believe that include a bad we at home and what about a taint that cut art and art to of opinion high school into the huge futile and what you thought it that cop and the second part of what he had a had an it can't do what he's done that yet up it that wouldn't hear and look into it and a way it can we pay maturity and,Medium
1,they didn't alarmed when it for a guy who had gone on june thirty three it reward street remember to vote me while i have like the way color for a while you're gay between waller laboratory where you have high when hi there be a guy like me i'm hundred warming or the guy you pick your above the ground valve repair when heather know what to do ruminate on how high money and right a very high in fat and a wall or have got awful for the third country if you bought me that by thirty five he battery of other note the recruit new and very moderate on their low and oh,Medium
1,them the handsome hunk what we hope our they met already up out who had in hill are certainly i worry ellman green had can't hi again and again reach agreement alpo at the white you gotta i'm why would why more you want the white house had or the wheel movement of to our will on a little guy who let why hide he didn't i didn't do it the bomb to go at what wanting the accommodation of homecoming queen be doing in the light you are so good for you and you men character you what will and i will and out of me at the pay or have i heard how the hell who,Medium
1,this recording was prepared when the moon does blood got on the warhead cut huh i am call in ohio and now the heat of the hit the to ohio about what you are a lot do get the one who let hank what happened to him will how will that it at that he high tide eight hundred and look at a good will get huh the world and old that he took your brother you hide what i had read at a map and a lot when i hit out what i have to hit you have a lot huh you have the money i'll hate him,Medium
1,all the where the the one would imagine that the idea and an got a young guy get red tail hawk i did read read park kids were bitten by a lot yet it like they grab that he came out what the court greatly and it killed him well i haven't it he'll get up a basket case without the daily get anywhere white book hip white picture and we're running down the road looking for somebody may get another call who keep had heaped and i keep keep that,Medium
1,lou hang on one occasion of diligent in public or what the problem i had the power to act and one hundred and twenty eight the again on the head and getting on with our old girl we then had to enlighten me the colonel kind of an up and what and not one okay we hammered and leaked n. n. on the air you can do the quick and that they believe the law,Medium
1,all the minimum would him going good at what you're drunk ma'am i'd play not yet look at you and i got light of that in a pot who am i am delighted that we're going out of her out i'm what no all i am not cleaning what a drag you calling for on behalf of a at you and i wanted to know what leo let her way home of the good i am am mayhem winnetka road and while no ma'am what cruel and illegal and and why you have when cohan angry at what would you kindly your by lincoln had called on to an all you buy liquor and well and when it actually my ankle had a blood and iron out the,Medium
1,at one time and then i mean yeah he had money on it one time and one on that when the good will and it comes to lot what he had a lot alike at all and he had come to your ad on the hit volatile and he will you on one side or whatever to the wall and went back when it or what you what the hell night what violet hillary and i am good what the army colonel who served the what what you didn't and a hit on he back the work on what he needed money on the i don't how it ari what are what a word was hearing what foul and ask,Medium
1,good all model and what your burden on gore hoot i'm good what that blood on the can one know he had opened like the court on the a league come on it don't luton all you can look it up and learned and the at r. and on what a good old a new and knew the route on what are your god can i don't plan to try to clear our,Medium
1,there will no let you can i go to the live across the hall outlawed coop but no one f five group called me you were warp that he knew that the eight a profit at it all the bad cop out of good what paul pumped and it go it happen at the at the gap in creep that cold water up why at fault though we had a complete the of cuckoo the wound on it but i have a good cook good group but her own,Medium
1,yet he had healed i could not have an him he heard it back because you'd call oh my gosh i actually i have been really the core you'd right learned of our beloved heard about the fact i coming out at the report here you are you going on all what you what you would want the location the slight out of the forbidden to target on the killing of the period brick by the all the evidence that the juror forming a lot like that what he are getting him never been in bengal and on what the bird entered his daughter to flaunt i'd head for director he can tell at all would like to read on it and you were guilty on the east i don't watch it go for a long he heard when shooter lulled into a major tom are you saying what anywhere in town,Medium
1,all colors all for what he heard a nine one one here merchant thing huh hey hi the but what of how whom the were under your you have to go out what like an old flame lit campaign and he behind an greedy now or eight him be good while one hundred are too can hold her little while to glue going out what lehigh what it would only come a the white gloomily think my aunt i how can he can rank and compound where are you now i'm going to be heard on who you are you going to hear you now who need to lately it won't you talk to him how good is the author who had campaigned yan manhood we're are you now exactly what the you know who he hoped,Medium
1,what we're what what nothing without it the energy to the jury room and there i'll bet one to me that need it right that we are for it and it would be addressing huh and but i know what you just walk up and it and to bug the helium him to you at all and i had this couldn't at you and eight on it will add that are at an all out and yet i don't know what'll i do i get an ugly the summer and that good let this it takes a lot of what he didn't need it and run and because of it to that bleeding of the bad and what i,Medium
1,that indeed wednesday may twelve two thousand ten and one hour fifty minutes and ninety did dean equal up the one that one that go on krypton at the vanguard be paid a corner right there in colombia we had someone come and found one more and there fell one and yelling hey why didn't they would he woody allen came down and i am a fan yelled at him down and write the added that edge right now that i know what it without treatment and he and i don't advocate if granny and fed up here and i think in how all the a look at how bad it okay are you able bodied here,Medium
1,whoa whoa the to the that the more often work upon to bark like a cat may have we have that and about how hardcore mcgrath theory but what john in toward the beach on the market can one of the academy in one hundred eighty to one when the bloke were a butt card that man the that at that and to get that young boy look like an all needed on the body can get hand of intellect and a blanket to adequately low gravity or the red cross and colina were on the strange world and i hit by a share the veil of how the world can get the money didn't he didn't mean to cut the murder of ed larry would come out of the netherlands and an allotment cut him back up that the heat of firmly denied the that on a copy and we're done to hamburg is good or bad and get them back in a haunted,Medium
1,if that were and i want image and when he hit her with honey and we haven't done am going hit held legally be on a hat we don't hit me and he and found out what had occurred at a clear line behind and all hi whim to part and could i had a a in the at what i don't like what did what i think won't and what had that when you have behind when he read the upon one and only homecoming and haven't completed what could be a clue and and i were word who at eight the kingdom and we're not going to thank didn't know about him in the wind when he heard one on kathleen have um hum i had apparently are and,Medium
1,what county nine one one what is the entrance of the emergence of a concrete rock the hunt and kill and why don't we do and how to hide behind what might you blink like that okay one eight and i loved him and attorney or the hawaiian who can walk no hey woman around one hundred good haughty who hound ideally moment the general hirohito number hoping to eat a like a mighty hope that to know what how and what happened and day to go henry hyde up when that her the plan and who until now you lied and you know my one hundred and the can it whole here who and we hit it no a cougar,Medium
1,i had the vehicle illegal one would have a good probably and though it could up the line cut or the thing had written by cable attached and twenty one twenty who really old whipped up into interview of lord up for foreign and lincoln a comparable to go up one of one wallet or handed in irritable and over and above to hide the haunted the fifties and help them to get him completely and pumped out empty halls and they leaped and hopefully the dinner to block the odd it gideon he loses only heard that article that,Medium
1,and i had and mopping up hop a flying and found her husband for who the people and the pain cannot chalupa to call in the heat of the apollo and one of them were caught the law hearing no one had heard from her to and how they can to be counted the federation to board and i'm talking to you can help to what i should get a great moment he had not been admitted killing the legendary to go hide it any old hated that could tell me anything that might have had an accident or if you have the conventions any haven't taken care of him just abominable issue over to come i'm thinking and the have had come and carry them will interpret what power an law at the cooper bill utter and home and how will the people in the war would do for fun and pay huh,Medium
1,what are the bob what i'm one operator talking where's the russian think i'm getting weak and i'm going to out wearing what would all be the banker who had one or two the current occurred we have somebody that look like a pair that you can come out and threw a comfort you what he replied well what happened here everywhere what he had a contract i'll hang on the and what the fuck that link he hit me go to the european market and walked toward the twenty one count handling the king trial and elaine yet a body of the added that the um blackboard hopping better than that the added to an organ he heard and what we're why don't i,Medium
1,no one in a place for a call the hello one bomb i'm a bit of a do you and did gala old who uh huh going billion that you and we haven't done that i did a poll color and then in the back burner now they call it what happened to the left one table here to help them out and hyakutake ok what they address how long it into the car who had a whole lot but five minutes ago we had a two goal and that lead to that one of you could get up at the one that would have to get and it is a and knew wheat home you can bet you can get along or car ready,Medium
1,hi yes i have a kind of particular one day you're my cat hair that i'm old child a and i cared about me they generally are there to learn all over the air here we are more paperwork at the molecular in work for the turbulent over the world and held the line and then he will kill it or are the forehead of the cat we'll hook you up that you'd gone so it turned it into your girder although get her to her little control that and i hear you have a fire one and a rather with clinton then have to fight the cat hey hey hey hey hi him about forty to the elderly and he went and europe,Medium
1,so i think what what that there's an architect of an win we enter into the lead and you're in your head we haven't they been paying hamburger and i like to take a ride around the head they keep in mind that in our food and am what i heard how would he have all on a bellhop not when you two of it yet huh and leave a miracle had eat and it or are they at that palmer will make your adult put a can that the kinky think they edmund pat riley the atlanta campaign in your lap thank you had it that here in our e. did it either had lain in concrete cage at a time when their mom economic and it may lead her partner at kentucky l. proved that the bird crap,Medium
1,this is to do the wound is dead dog gone the st one hundred and i got around to hunt down to talk to any actually typed it that he died he able to breathe deal okay d. p. n. and going to the alike and make it an idol to cool the voters didn't have and haven't okay caleb didn't think it have to heal the cold and i thought you'd finally turned purple tilting don't have time i don't see that time had in haunted on that marie your own titled a camera it your air now and you have the muddied and it happened i don't behind the house and that a current account and i want your hand and endured the calmly tied it up tempo and it had that and it worked and i think,Medium
1,the hooded man and a heart that the blood of the new and amanpour luckily body likely to have the attitude about what to block out a good cook and politely but he added that had good to cut at let them know the public don't aren't could look at the end what he had that high up doc i have come out to get remembered that and i'm belmont ludlow their new leader on good caught him to get the dog to only a mild winter the gag who led the pack it like a movie but you are and an evening out lead he i'd hit he gave it a gunshot the pack hike it out applied to the gate and you thought we knew we know we're not in the garden allowed,Medium
1,the panic that they get rid of the plane landed and by midnight cowboy way what why not okay whoa whoa whoa look the al now what poor and so they did that come in and i'm marc what do you think we and it they want it could and cool out to play when the jury what is that hit him the moon that the moon old bean pole who the jury didn't do that now i'd like to a number one what do you know that's not what,Medium
1,it is often the looks of it it had walked like him are a hint of that did it in the inside out i told him that day it helped a little girl and what could you call him our next meeting at how it had has three year ago good look real job and i had good for the blue orchid korea at a more call i read god logs alpha and the to the one that the party and evil we'd you ha that that you do that little bird out a little bit at a high hand your read good violent look to have me and leave the room with the mood did you at that time they had cliburn,Medium
1,the remainder d. e. a. m. d. campaign on tape they keep out in twelve yeah i normally get into the region think her from her own your own work and wrote what one room coburn is element that i do in another war r. at the end of an alien want a bite out of the small delicate and we want a one and then they were thorough been when i go what what when you walk in and gauntlet were a year when you're on and on our only one of the real well,Medium
1,those recordings prettier than lund and instead the column up did by my what a than they are wildly why i'm going out can i lived up to a tight how it didn't i'd who an identical trade land that light out talent and why can't i can't do that at the end of it held the cars that i did what he and w. drew halo like they are like i had nineteen cut you doubt it them to a dead a hero from now we'll put the child but pat what will i get you know why didn't i hate it had to what can the white man out one of the white tower here are paid out on that deep behind me now and i'd had pat had that had to read it i think that he may have to hang up they had,Medium
1,men women and the n. and getting her hat and o'hare and leader bill good a head and hang on one one eight hundred and two you who who who who could come back and what's going on him and i would who had oatmeal who at owned it and coop and hot hot at hud and what you a clue what about it it had to look at what i overheard and at the at what had been wiped out and hunt hunt that hand at him at not only are doing in and have a cookie and coming in behind her and and hug,Medium
1,i'm calling i'm on law and order marius the yen plentiful and i'm proud of that you haven't not brooding like a nightmare of haywire yet that were on night equal more than the people like you to pull them out you were the and my duty all i don't i'm not on him and what about the money on the web that a good one and all the good little yeah but he wanted an walk a hoot and and why would i would die if they got one hour ago that that are at night i edited and i hired me and that and it,Medium
1,eleven oh one were to learn about them to end don't we wind that harpoon look what i wrote that pack it up and out the hartwell none of the power of the white blood thoroughly and i wonder when that we're at a high visit one of the head of the donor don't want them to what you're planning it now and come out and i had to and moved on but i'm goin' think it odd it with one one of the tunnel under the law that the middle bologna that in let her up and allow anybody to do i'm going to want one little thing at the whole of the gun that we ought to aren't,Medium
1,i'm the anti land that got the odd all twenty three during the bomb went on and i held that the know villanova law but lightly a while for him but we all over the road up the that i'm bad bad when it and i have group come and help i'm going let's go back to one of them that that not one over lot knowledge of what went on like that kid he took the jury he had carrying out all that he got an original if they don't get the liqueur,Medium
1,i want workers did not that he and i can have an m. and i'll let you in on a lake arrowhead thank you polly yemen up there with a man of the two hundred of their u. n. the car with that let will then that were located the blue in the academy then i know the obeyed the idea weapons and then the okay to look at what he did make it to you why then did you get right on the pope you o. k. and what i need an economic in the almeida what look you're going to get her,Medium
1,handsome man one of the ad that i don't like what home or go home on a commercial and had a guy out of one of the normal were too are you to home whoever the all or zhuhai home how are we to put up one and one in the hot sun you don't have to bear and while khamenei hah have only one eight hundred one italian high and it had a huge k b p one and can have a day you know what we're back on the left of the war and there it could turn the record of entered deployment life which no more hump of a noble and connell people that one of bob and often the walk to handle of aluminum,Medium
1,i have the one key please walk don't bully broad likely and when it full liquide and a lot that really old lovely little london and and when i bought a hamlet like you and to the mid eighties go hug well they will help boggling the economic all that blood like the plain old he won't let that the pilot them on the what they will bid you beard a pre cog they put up a political did that noise on the log in alarm will bought like public magnolia will and will upheld the meat they don't until the late night you'd really true had come like light on that pulp who could rig on one of the field the,Medium
1,they can take the fall when thou o. wanted him he'd had a pupil of palmolive now manicure and how good a lot i let you went ahead and i am flight to the head the melody with lemon yellow i've gotten them have been better than that will pay well and put it out what part of the wound that can move either bob he hit upon him and how that pay and top of an ipod campaign can do anything good whether i couldn't help but laugh line then in i can and can't be out there we're going to,Medium
1,and he hit me put it on mine he had me he's a mountain eleven and at that time on channel eleven the athas on it than a bank and a patient am in the ultimate room where the the rubble of what what are we going to have affable carolina entertain you where are all it won a hit a lawyer or a murderer who try to tyler moore who take,Medium
1,well what he'd pay them huge twenty him did you tell him twelve that it broke and we will be the lead on volume of alcohol in the world will blue though what the one who could get knowledge but in really and pick up what the did wounded of the well on the public well whoa whoa i hope the ago lock will calm that you've got rid got within one bag that held the one he'll and i don't they don't heed the living at all and warrant i and i i'm and a lot of the old the number one it will you,Medium
1,when i was wanting a police are at hand and you believe that the command of the come on and on and applied in montana and to look hard for us to get on and on going well you and he doing it on the heath and a blue cotton and the campaign when i hit at what he had a pilot in the park that he can lead to the tucker boulevard our public men in a bar and got into an inquiry and cotton park the inquired embedded in the platform at he and a hell and and you can eat any key what what up out and mary,Medium
1,her life liberty and the bear and i'm going to one and not now but if you're gonna it helped in can i yet when will that arafat and the renewed her back to helen in the docking in it come uh-huh morning killing and you're going into an environment are being given immunity on the way will i knew it and when was that at that occurred during the great great lee on one of five and check the people who yet when people cleared the way can you come to look the end of womack it from a window correct if you had that the hurt that put you to tv think it went on for thirty minutes f. l. and a young and the island team and hated a ticket he planted a can really help the fall if you look at all of that around the p.,Medium
1,call nine one one where you're hurting i look at how it what's going on o. r. and b. nine that that hit the act what yeah that in the pit and the i. that now and not at the white hat and you didn't need a well whoa did a wound with new talking and that well why not then the law you cannot moore had a carrot,Medium
2,and i got here to pay to palmer go to the up call home like a lonely town and hopefully i wore on the look on and luong calm him down on people and he'd have them in a medium meal on how will the what i do huang related to do all the blood and homed wanted it all do you hear it i hide my neck and he liked the way that they're making at hand and i agree that how it all by whipped and ma bell the law had on hand that they know what i meant it that way you want it going on get him only people begin to the hill will only on one of them live where you know and you get me on time,Low
2,that like that did a hit won't is like that you have a child's ability to to look at it but i had it could lead at a good little did i had it happen i did it his little bed and and it i did get these and did i do not get a lead it didn't it and the dozens and the woods and a that that clubs and sunlit tied a cut and that is good is it hot at a to that,Low
2,and one one one the deeply plan and the and they can of ed koch on that were heaped on that man that how alcohol big and i didn't want to look and make them and at that but i walk like that hawk the walk good pay at the body and while they hide the bird that will and that's what it meant that he would have the while they needed lock out the wayne county and then lay at he but the judgment and the and a hot emma hit him cope how to get caught in them and would you call it what they want what you might get that claim that love to know that that will give the liquid like i'm the candidate at lower than that,Low
2,yeah go ahead and i'm usually occur when nicole we're perform corn for posters and a player can or what your water pump her war going through a forty minute could it work load up one night of torture to mercury that played it have to look at it before the trip to europe heard and what he drove we're here to restore a valid warrant we didn't and cooked with a rule that to you yet been brought up a fight and fight it it therefore he had a complete afford a cut the capital of that that that you have had their hand though when he moved to an up and he,Low
2,i know what he did actually yeah man gore and then him and he can't he competitive help to come our heard the blame blame he would get up and immediately turned on him and he'll go to and are not good only from him gump and i invented an enlightened and a pot head and upfront coming up and ultimately the totaled up what do you plan when a wheat at man let i am why do that they're owned when i'm earning think what i'm thinking when the law and get come back don't on it and in a wig and what we can only god can he going on and on why don't we mean,Low
2,says what was put in an room dispatch dog calm at one end and at hyde lit ellen and yet concluded that it lead by what it i don't hold good i into and out to do add come and a good he can get that and you had come to it what had could and good to be that that could include hit kind the heat and he knew had but you have it could it not hard cannot get to lied but local it blood could to talk to it up on it and i hope and out a particular did it,Low
2,back now while letterman didn't think of that and i'll try and yet i'll get an emergency and you keep the line moved on the emergency hotline and your hero to i get well and i came to the lincoln and you know what your monitor and you are and you're in full where we're worth our uh-huh all you're having your own number her nowhere the following year mom okay here are yeah pick here wake you up where did anybody there with you for all the lady of the new law and you know where all your car trouble,Low
2,and yet i i did go to conclude get a thirty three hundred over and politically island handcuffed me why hadn't been done to and what happened what can to really had eight he won't hang up and not yet he can come to a camp hancock what the company but tightened and an anything that was actually on the rug or violent coup you calm and help me get up it hurt the glare at me where he delay and he now and holding on to like and while you could you get what it it anyway the talented young men or i'm not given come to lead to any while he at one hundred eighty hurting any heard yelling and while i don't mean hand on april the pound he gordy carried on to boil up and up and he begged and then,Low
2,all the good hum hum to get out of line and who want the mom and pop but volatile the what am i in to it when they see that one hundred and i'll get up and i had a high and the battle that i do and what but the loophole and a lot but you that what what would pay you get and lower that up but i hope and all on one hundred and had they uphold behind than a one on the hook,Low
2,one emergency at a church completely can think of looking for helping the hot coffee i'd like to that ridiculous that i am currently poetry car wash garfield high income for five hours and a good go copying a more open the doors and decoder that the island hit on and i don't know a complete forgery and we went through ago have argued over our head at a new it well and it and o. k one twenty point lead he alimony poetry and healing in alien lurking around you and let our guard through your brain and helping the company liberal in the can do and i'm an adult and hung out think while the aqua blue one can't leave how intelligent he on the ground to enter china lower partner at opening helpful with the lincoln you work in europe at one of the authors and lagerfeld could cut the wicked coco unlike a herd,Low
2,how can i talk had art and we're not we're now why why why i want to live at the end robert and i live by that if you read puke all about walk by about half the lapd italy to get the money he called the hard huh might hold the number one that i had heard you have to worry humanity and lovely one and one attracted one way and on the right hon i didn't want to live if that had the money he why that that violently how will the one get out why he yelled that he had it and that would imply you'd believe that it done with what you're going well i would have felt would gotten life let him out good god what i'm got rid of her because the track and i'm going,Low
2,and he didn't and her or he recently healthier built on the nile what the heck they will not only the one and a white house aide can't later on when more white than who'd what do you how to act the only ardently anti what it called in the oracle army under a ballet funeral in the air and water and what the hell you a bit to local pay at what the public to operate there are people who know and then to emily and who in copier he will why not when the negro got a parakeet to burn like it broke well-known hornung eight thought it what,Low
2,and he wanted what you want in the on the one work on cold war by like a daily enlighten the only hope our around the world had ordered the hit a mine in the articulating and get help and i hated he at him and really lead to you why don't i and all the talk in the lately what were with her and women who thought land and he really had a little corner and you're in an kugel to t. what what do you call did you walk you heard what he took at where we are hard to the coca cola or not you will but people are my wife and the bill you it i could clean and hope and he could hug at what ha it to a cut he killed the swelling,Low
2,and how long and get moderate it at all he did richard a. and it had never you know god reward and the couldn't take over the body water and route at a time when i got you last lied about the big when you did that on top of the body clock gil amelio mclarty at elegant world are clogged with bodies at the completed cooperative as what where world n. that and a half of that had and it caught up to it and end cost my anterior to it and the utility gonna get me out immediately laid out and hawaii and handed me an eclipse will really all bottom out and,Low
2,but i need a saturday february deal better than two thousand nine twelve now and you're minute and for you what happened in the one that we're do and that on that note at one of them and why your hill public health and all the white house that i think it was that that hawk that we will i have a habit that i abhor i then who am i here one of the u. lately what about the high and i think and now that no i don't doubt that the white hot home on the right i'm good at that that was not yet gotten their way to hide it it i want to jump to that the court at through to you that what we got rid of that why you did at that at the youthful and i hated it line,Low
2,the had occurred haunt a listening ear of acts they didn't call it and colorado and he told the alerts entered into an john at the end pear did then upon the sea they'd seen treatment and to get back at it in that did anyone in years to hitting it to what the devil number thirteen dead what i've been on entering a third of a hit at home town and have a care and love and honor the litany of that two people hear about the pain that you happen to people ought and and delicate would it not that i did have that okay and all the debris in the daniele the good and ally of dillon read the ticket,Low
2,but not a an had at a body it of the two blue weekend and good land and we can come at right here and what did up the a lot in and out and i'll card huh that that his little dude end include you've got hooked when the grachov and giggle out drug and the i head island closed these shoes and i and and on the atlantic and i take a good now what it in good good hardened,Low
2,now what we're doing now yes what you can get blown war one the men were yet well that i locked in my car and he lived in your car to get in my car were you i am now with the odd avondale that would be love him or one hundred and i like heart and turned on eight and they died on that and you can't do that you able to door why can't why i am actually locked in here at my window there was a kind indeed if the idea that we're going to veto a plant i think the again huh we're in the malted milk ball but had to hide a lot i'm i'm one operator will find it abhorrent by the year that they had a,Low
2,on the i love my daughter of that at all about it though the robot rose and i would love me with your life you know the identity of a good ago barbara go home and abroad are a problem that alright but lay have motivated but the people of the day before they will know about the only one vote of the road out of your money it revival of it but at the i a lot uglier than the water or food over one of our pay for what he is was a number you do have to go on with red velvet you were to ever,Low
2,saturday and he had come down and can you tell nine nine thirty one and he and keep that allegedly he let that man to be a hell and where did he ran a guy killed i know you guys have got war cry with this particular thing that i'm calling you old pal an quarter fluid which is actually really the killing t. get in right now and for two hours what i ordered i can't feel n. heard it at that and that hit pack i can't i hook on file a complaint in a case they quite get eaten up in the white part we have what are my exactly they're located here will be allowed a value added now who can help calm and cool pocket but you comment on an hourly,Low
2,on him and i and really good luck and and on that an launching and looked around and hand held in and nothing and needed clinton outlined in the car and help put on an up and when and what and no one can hit an a and an end law and the young and and and he nodding leaned on law and ron we hang on long island and and not allowed in the wind and the lightning loudly in the long or curtain and the kindly in and,Low
2,or that a little while it had let getting luke that ugh took the hit hard to get mugged up look talk what it a lot and you and yet he opened the and yet it echoed likes to call off the new white hoped would leave the kind you could call it you got a crackpot what what he logged it had looked out when we come out at home the gold it,Low
